{
  "CoordinateSystem": "Unity",
  "Rooms": [
    {
      "UUID": "C199089413074BB8B8E724A08B5C1891",
      "RoomLayout": {
        "FloorUuid": "850C5A2DEB2F4CB3B81879150A8AF13F",
        "CeilingUuid": "72E11959212D443AACF0C57D1353213F",
        "WallsUuid": [
          "353DEE8612EF47DBB413A30833662DCE",
          "7C2AD35DB161421A87F3641E04F96C53",
          "763D5F1ABF5B4479A8E99E874412585D",
          "85F3A33AB68C4F069A280C50CFFBAC03"
        ]
      },
      "Anchors": [
        {
          "UUID": "353DEE8612EF47DBB413A30833662DCE",
          "SemanticClassifications": [
            "WALL_FACE"
          ],
          "Transform": {
            "Translation": [0.0158940554,1.24361944,2.767963],
            "Rotation": [0.0,179.509064,0.0],
            "Scale": [1.0,1.0,1.0]
          },
          "PlaneBounds": {
            "Min": [-2.246436,-1.24381351],
            "Max": [2.246436,1.24381351]
          },
          "PlaneBoundary2D": [
            [-2.246436,-1.24381351],
            [2.246436,-1.24381351],
            [2.246436,1.24381351],
            [-2.246436,1.24381351]
          ]
        },
        {
          "UUID": "7C2AD35DB161421A87F3641E04F96C53",
          "SemanticClassifications": [
            "WALL_FACE"
          ],
          "Transform": {
            "Translation": [-2.006045,1.247154,-0.08200681],
            "Rotation": [0.0,85.46718,0.0],
            "Scale": [1.0,1.0,1.0]
          },
          "PlaneBounds": {
            "Min": [-2.839603,-1.24381351],
            "Max": [2.839603,1.24381351]
          },
          "PlaneBoundary2D": [
            [-2.839603,-1.24381351],
            [2.839603,-1.24381351],
            [2.839603,1.24381351],
            [-2.839603,1.24381351]
          ]
        },
        {
          "UUID": "763D5F1ABF5B4479A8E99E874412585D",
          "SemanticClassifications": [
            "WALL_FACE"
          ],
          "Transform": {
            "Translation": [2.52088642,1.24407244,-0.09396577],
            "Rotation": [0.0,264.8704,0.0],
            "Scale": [1.0,1.0,1.0]
          },
          "PlaneBounds": {
            "Min": [-2.89276218,-1.24381351],
            "Max": [2.89276218,1.24381351]
          },
          "PlaneBoundary2D": [
            [-2.89276218,-1.24381351],
            [2.89276218,-1.24381351],
            [2.89276218,1.24381351],
            [-2.89276218,1.24381351]
          ]
        },
        {
          "UUID": "85F3A33AB68C4F069A280C50CFFBAC03",
          "SemanticClassifications": [
            "WALL_FACE"
          ],
          "Transform": {
            "Translation": [0.498947382,1.247607,-2.94393539],
            "Rotation": [0.0,0.783978,0.0],
            "Scale": [1.0,1.0,1.0]
          },
          "PlaneBounds": {
            "Min": [-2.28079152,-1.24381351],
            "Max": [2.28079152,1.24381351]
          },
          "PlaneBoundary2D": [
            [-2.28079152,-1.24381351],
            [2.28079152,-1.24381351],
            [2.28079152,1.24381351],
            [-2.28079152,1.24381351]
          ]
        },
        {
          "UUID": "440FA9FC98B747DB8F88C9B5DB5F9B27",
          "SemanticClassifications": [
            "OTHER"
          ],
          "Transform": {
            "Translation": [0.2575906,0.6885424,-2.737674],
            "Rotation": [270.0,181.8711,0.0],
            "Scale": [1.0,1.0,1.0]
          },
          "VolumeBounds": {
            "Min": [-0.138944566,-0.130238071,-0.2785287],
            "Max": [0.138944566,0.130238071,0.0]
          }
        },
        {
          "UUID": "F69118B3C3904996815895FB985216B7",
          "SemanticClassifications": [
            "OTHER"
          ],
          "Transform": {
            "Translation": [-1.65,0.768682957,0.62],
            "Rotation": [270.0,273.4507,0.0],
            "Scale": [1.0,1.0,1.0]
          },
          "VolumeBounds": {
            "Min": [-0.357271,-0.362101167,-0.7668366],
            "Max": [0.357271,0.362101167,0.0]
          }
        },
        {
          "UUID": "0EC5C85B8F78485D9C35D28407E0857A",
          "SemanticClassifications": [
            "OTHER"
          ],
          "Transform": {
            "Translation": [2.19,1.29630923,-2.32],
            "Rotation": [270.0,94.59202,0.0],
            "Scale": [1.0,1.0,1.0]
          },
          "VolumeBounds": {
            "Min": [-0.467432946,-0.430422,-1.301602],
            "Max": [0.467432946,0.430422,0.0]
          }
        },
        {
          "UUID": "B56B30226142418B9740633EE624A613",
          "SemanticClassifications": [
            "OTHER"
          ],
          "Transform": {
            "Translation": [0.69,0.649527967,2.32],
            "Rotation": [270.0,352.6966,0.0],
            "Scale": [1.0,1.0,1.0]
          },
          "VolumeBounds": {
            "Min": [-0.31139192,-0.421008945,-0.6491621],
            "Max": [0.31139192,0.421008945,0.0]
          }
        },
        {
          "UUID": "B6E5B69B3ABD426AA927A6E48DA30498",
          "SemanticClassifications": [
            "OTHER"
          ],
          "Transform": {
            "Translation": [0.5087122,0.409903646,-2.694429],
            "Rotation": [270.0,169.3841,0.0],
            "Scale": [1.0,1.0,1.0]
          },
          "VolumeBounds": {
            "Min": [-0.3932234,-0.1873443,-0.4135327],
            "Max": [0.3932234,0.1873443,0.0]
          }
        },
        {
          "UUID": "FB3127B717B449B992B62086D26C9026",
          "SemanticClassifications": [
            "TABLE"
          ],
          "Transform": {
            "Translation": [2.013795,0.7348434,-0.546693],
            "Rotation": [270.0,85.47496,0.0],
            "Scale": [1.0,1.0,1.0]
          },
          "PlaneBounds": {
            "Min": [-0.9527019,-0.384527177],
            "Max": [0.9527019,0.384527177]
          },
          "VolumeBounds": {
            "Min": [-0.9527019,-0.384527177,-0.7348433],
            "Max": [0.9527019,0.384527177,0.0]
          },
          "PlaneBoundary2D": [
            [-0.9527019,-0.384527177],
            [0.9527019,-0.384527177],
            [0.9527019,0.384527177],
            [-0.9527019,0.384527177]
          ]
        },
        {
          "UUID": "1ACD548867F04EC7B40BB43A87AA98DF",
          "SemanticClassifications": [
            "COUCH"
          ],
          "Transform": {
            "Translation": [-1.475923,0.7,-1.693247],
            "Rotation": [270.0,263.8968,0.0],
            "Scale": [1.0,1.0,1.0]
          },
          "PlaneBounds": {
            "Min": [-0.8891835,-0.313723236],
            "Max": [0.8891835,0.313723236]
          },
          "VolumeBounds": {
            "Min": [-0.8891835,-0.313723236,-0.7],
            "Max": [0.8891835,0.313723236,0.0]
          },
          "PlaneBoundary2D": [
            [-0.8891835,-0.313723236],
            [0.8891835,-0.313723236],
            [0.8891835,0.313723236],
            [-0.8891835,0.313723236]
          ]
        },
        {
          "UUID": "9200A653AE3E4C9D87D44F0F1633BC49",
          "SemanticClassifications": [
            "PLANT"
          ],
          "Transform": {
            "Translation": [-0.2582597,1.11468935,-2.66],
            "Rotation": [270.0,179.6707,0.0],
            "Scale": [1.0,1.0,1.0]
          },
          "VolumeBounds": {
            "Min": [-0.2532966,-0.222496867,-1.117576],
            "Max": [0.2532966,0.222496867,0.0]
          }
        },
        {
          "UUID": "511870F4986842D88328A530796EF346",
          "SemanticClassifications": [
            "SCREEN"
          ],
          "Transform": {
            "Translation": [1.967918,1.18234229,-0.275452],
            "Rotation": [270.0,72.07458,0.0],
            "Scale": [1.0,1.0,1.0]
          },
          "VolumeBounds": {
            "Min": [-0.235012621,-0.04997696,-0.4473786],
            "Max": [0.235012621,0.04997696,0.0]
          }
        },
        {
          "UUID": "CAD020D8C7654AEA99623FCD7BA92004",